<PAMDataset>
  <PAMRasterBand band="1">
    <Histograms>
      <HistItem>
        <HistMin>0</HistMin>
        <HistMax>429</HistMax>
        <BucketCount>256</BucketCount>
        <IncludeOutOfRange>1</IncludeOutOfRange>
        <Approximate>0</Approximate>
        <HistCounts>9225|99|75|42|63|77|33|67|62|34|79|69|32|83|86|41|87|83|39|83|94|63|48|64|68|31|59|68|43|92|91|32|78|79|33|66|57|42|61|75|36|74|66|63|25|68|57|28|48|48|28|50|54|23|53|54|25|47|53|22|37|67|20|44|60|50|26|47|42|28|53|44|22|48|42|34|50|47|19|47|41|20|50|55|23|47|50|48|24|39|39|12|45|29|17|45|35|22|48|45|26|31|52|12|37|36|30|14|36|37|18|35|23|20|33|34|9|28|31|24|31|35|12|28|25|18|24|36|27|14|32|19|13|25|29|17|28|27|15|29|19|14|22|20|14|20|27|10|24|27|21|11|24|16|8|12|21|7|14|15|8|19|10|9|14|19|8|6|21|11|9|11|14|4|10|17|6|9|14|3|6|5|4|9|7|5|11|4|3|5|6|8|8|13|11|2|7|7|4|16|7|4|5|7|2|4|9|3|13|4|1|7|8|7|4|4|4|6|5|2|5|4|2|0|3|4|5|3|4|1|5|5|2|8|2|2|2|1|1|0|7|2|0|0|6|0|1|1|0|1|0|0|0|0|0|1</HistCounts>
      </HistItem>
    </Histograms>
    <Metadata>
      <MDI key="RepresentationType">THEMATIC</MDI>
      <MDI key="STATISTICS_COVARIANCES">7219.943966342304</MDI>
      <MDI key="STATISTICS_EXCLUDEDVALUES"></MDI>
      <MDI key="STATISTICS_MAXIMUM">429</MDI>
      <MDI key="STATISTICS_MEAN">52.197904395809</MDI>
      <MDI key="STATISTICS_MEDIAN">0.000000</MDI>
      <MDI key="STATISTICS_MINIMUM">0</MDI>
      <MDI key="STATISTICS_SKIPFACTORX">1</MDI>
      <MDI key="STATISTICS_SKIPFACTORY">1</MDI>
      <MDI key="STATISTICS_STDDEV">84.97025342049</MDI>
    </Metadata>
  </PAMRasterBand>
</PAMDataset>
