<?xml version="1.0" encoding="UTF-8"?>
<gmi:MI_Metadata xmlns:gco="http://www.isotc211.org/2005/gco" xmlns:gmd="http://www.isotc211.org/2005/gmd" xmlns:gmi="http://www.isotc211.org/2005/gmi" xmlns:gml="http://www.opengis.net/gml/3.2" xmlns:gmx="http://www.isotc211.org/2005/gmx" xmlns:gsr="http://www.isotc211.org/2005/gsr" xmlns:gss="http://www.isotc211.org/2005/gss" xmlns:gts="http://www.isotc211.org/2005/gts" xmlns:srv="http://www.isotc211.org/2005/srv" xmlns:xlink="http://www.w3.org/1999/xlink" xmlns:xs="http://www.w3.org/2001/XMLSchema" xmlns:xsi="http://www.w3.org/2001/XMLSchema-instance" xsi:schemaLocation="http://www.isotc211.org/2005/gmi https://data.noaa.gov/resources/iso19139/schema.xsd">
  <gmd:fileIdentifier>
    <gco:CharacterString>gov.noaa.nmfs.inport:49415</gco:CharacterString>
  </gmd:fileIdentifier>
  <gmd:language>
    <gmd:LanguageCode codeList="http://www.loc.gov/standards/iso639-2/php/code_list.php" codeListValue="eng">eng</gmd:LanguageCode>
  </gmd:language>
  <gmd:characterSet>
    <gmd:MD_CharacterSetCode codeList="http://www.isotc211.org/2005/resources/Codelist/gmxCodelists.xml#MD_CharacterSetCode" codeListValue="UTF8">UTF8</gmd:MD_CharacterSetCode>
  </gmd:characterSet>
  <gmd:hierarchyLevel>
    <gmd:MD_ScopeCode codeList="http://www.isotc211.org/2005/resources/Codelist/gmxCodelists.xml#MD_ScopeCode" codeListValue="dataset">dataset</gmd:MD_ScopeCode>
  </gmd:hierarchyLevel>
  <gmd:contact>
    <gmd:CI_ResponsibleParty>
      <gmd:organisationName>
        <gco:CharacterString>OCM Partners</gco:CharacterString>
      </gmd:organisationName>
      <gmd:contactInfo>
        <gmd:CI_Contact>
          <gmd:phone>
            <gmd:CI_Telephone>
              <gmd:voice gco:nilReason="missing"/>
            </gmd:CI_Telephone>
          </gmd:phone>
          <gmd:address>
            <gmd:CI_Address/>
          </gmd:address>
        </gmd:CI_Contact>
      </gmd:contactInfo>
      <gmd:role>
        <gmd:CI_RoleCode codeList="http://www.isotc211.org/2005/resources/Codelist/gmxCodelists.xml#gmd:CI_RoleCode" codeListValue="resourceProvider">resourceProvider</gmd:CI_RoleCode>
      </gmd:role>
    </gmd:CI_ResponsibleParty>
  </gmd:contact>
  <gmd:contact>
    <gmd:CI_ResponsibleParty>
      <gmd:organisationName>
        <gco:CharacterString>NOAA Office for Coastal Management</gco:CharacterString>
      </gmd:organisationName>
      <gmd:contactInfo>
        <gmd:CI_Contact>
          <gmd:phone>
            <gmd:CI_Telephone>
              <gmd:voice>
                <gco:CharacterString>(843) 740-1202</gco:CharacterString>
              </gmd:voice>
            </gmd:CI_Telephone>
          </gmd:phone>
          <gmd:address>
            <gmd:CI_Address>
              <gmd:deliveryPoint>
                <gco:CharacterString>2234 South Hobson Ave</gco:CharacterString>
              </gmd:deliveryPoint>
              <gmd:city>
                <gco:CharacterString>Charleston</gco:CharacterString>
              </gmd:city>
              <gmd:administrativeArea>
                <gco:CharacterString>SC</gco:CharacterString>
              </gmd:administrativeArea>
              <gmd:postalCode>
                <gco:CharacterString>29405-2413</gco:CharacterString>
              </gmd:postalCode>
              <gmd:country gco:nilReason="missing"/>
              <gmd:electronicMailAddress>
                <gco:CharacterString>coastal.info@noaa.gov</gco:CharacterString>
              </gmd:electronicMailAddress>
            </gmd:CI_Address>
          </gmd:address>
          <gmd:onlineResource>
            <gmd:CI_OnlineResource>
              <gmd:linkage>
                <gmd:URL>https://coast.noaa.gov</gmd:URL>
              </gmd:linkage>
              <gmd:protocol>
                <gco:CharacterString>WWW:LINK-1.0-http--link</gco:CharacterString>
              </gmd:protocol>
              <gmd:name>
                <gco:CharacterString>NOAA Office for Coastal Management Website</gco:CharacterString>
              </gmd:name>
              <gmd:description>
                <gco:CharacterString>NOAA Office for Coastal Management Home Page</gco:CharacterString>
              </gmd:description>
              <gmd:function>
                <gmd:CI_OnLineFunctionCode codeList="http://www.isotc211.org/2005/resources/Codelist/gmxCodelists.xml#CI_OnLineFunctionCode" codeListValue="information">information</gmd:CI_OnLineFunctionCode>
              </gmd:function>
            </gmd:CI_OnlineResource>
          </gmd:onlineResource>
        </gmd:CI_Contact>
      </gmd:contactInfo>
      <gmd:role>
        <gmd:CI_RoleCode codeList="http://www.isotc211.org/2005/resources/Codelist/gmxCodelists.xml#gmd:CI_RoleCode" codeListValue="pointOfContact">pointOfContact</gmd:CI_RoleCode>
      </gmd:role>
    </gmd:CI_ResponsibleParty>
  </gmd:contact>
  <gmd:dateStamp>
    <gco:DateTime>2022-03-29T00:00:00</gco:DateTime>
  </gmd:dateStamp>
  <gmd:metadataStandardName>
    <gco:CharacterString>ISO 19115-2 Geographic Information - Metadata Part 2 Extensions for imagery and gridded data</gco:CharacterString>
  </gmd:metadataStandardName>
  <gmd:metadataStandardVersion>
    <gco:CharacterString>ISO 19115-2:2009(E)</gco:CharacterString>
  </gmd:metadataStandardVersion>
  <gmd:spatialRepresentationInfo>
    <gmd:MD_GridSpatialRepresentation>
      <gmd:numberOfDimensions>
        <gco:Integer>2</gco:Integer>
      </gmd:numberOfDimensions>
      <gmd:axisDimensionProperties>
        <gmd:MD_Dimension>
          <gmd:dimensionName>
            <gmd:MD_DimensionNameTypeCode codeList="http://www.isotc211.org/2005/resources/Codelist/gmxCodelists.xml#gmd:MD_DimensionNameTypeCode" codeListValue="column">column</gmd:MD_DimensionNameTypeCode>
          </gmd:dimensionName>
          <gmd:dimensionSize>
            <gco:Integer>2085</gco:Integer>
          </gmd:dimensionSize>
          <gmd:resolution>
            <gco:Length uom="foot [FT_US]">3.28</gco:Length>
          </gmd:resolution>
        </gmd:MD_Dimension>
      </gmd:axisDimensionProperties>
      <gmd:axisDimensionProperties>
        <gmd:MD_Dimension>
          <gmd:dimensionName>
            <gmd:MD_DimensionNameTypeCode codeList="http://www.isotc211.org/2005/resources/Codelist/gmxCodelists.xml#gmd:MD_DimensionNameTypeCode" codeListValue="row">row</gmd:MD_DimensionNameTypeCode>
          </gmd:dimensionName>
          <gmd:dimensionSize>
            <gco:Integer>5359</gco:Integer>
          </gmd:dimensionSize>
          <gmd:resolution>
            <gco:Length uom="foot [FT_US]">3.28</gco:Length>
          </gmd:resolution>
        </gmd:MD_Dimension>
      </gmd:axisDimensionProperties>
      <gmd:cellGeometry>
        <gmd:MD_CellGeometryCode codeList="http://www.isotc211.org/2005/resources/Codelist/gmxCodelists.xml#gmd:MD_CellGeometryCode" codeListValue="point">point</gmd:MD_CellGeometryCode>
      </gmd:cellGeometry>
      <gmd:transformationParameterAvailability>
        <gco:Boolean>0</gco:Boolean>
      </gmd:transformationParameterAvailability>
    </gmd:MD_GridSpatialRepresentation>
  </gmd:spatialRepresentationInfo>
  <gmd:referenceSystemInfo>
    <gmd:referenceSystemInfo xlink:title="NAD83(NSRS2007) / California zone 3 (ftUS)">
      <gmd:MD_ReferenceSystem>
        <gmd:referenceSystemIdentifier>
          <gmd:RS_Identifier>
            <gmd:authority>
              <gmd:CI_Citation>
                <gmd:title>
                  <gco:CharacterString>NAD83(NSRS2007) / California zone 3 (ftUS)</gco:CharacterString>
                </gmd:title>
                <gmd:date>
                  <gmd:CI_Date>
                    <gmd:date>
                      <gco:Date>2008-11-12</gco:Date>
                    </gmd:date>
                    <gmd:dateType>
                      <gmd:CI_DateTypeCode codeList="http://www.isotc211.org/2005/resources/Codelist/gmxCodelists.xml#CI_DateTypeCode" codeListValue="publication">publication</gmd:CI_DateTypeCode>
                    </gmd:dateType>
                  </gmd:CI_Date>
                </gmd:date>
                <gmd:citedResponsibleParty>
                  <gmd:CI_ResponsibleParty>
                    <gmd:organisationName>
                      <gco:CharacterString>European Petroleum Survey Group</gco:CharacterString>
                    </gmd:organisationName>
                    <gmd:contactInfo>
                      <gmd:CI_Contact>
                        <gmd:onlineResource>
                          <gmd:CI_OnlineResource>
                            <gmd:linkage>
                              <gmd:URL>https://apps.epsg.org/api/v1/CoordRefSystem/3494/export/?format=gml</gmd:URL>
                            </gmd:linkage>
                          </gmd:CI_OnlineResource>
                        </gmd:onlineResource>
                      </gmd:CI_Contact>
                    </gmd:contactInfo>
                    <gmd:role gco:nilReason="missing"/>
                  </gmd:CI_ResponsibleParty>
                </gmd:citedResponsibleParty>
              </gmd:CI_Citation>
            </gmd:authority>
            <gmd:code>
              <gco:CharacterString>urn:ogc:def:crs:EPSG:3494</gco:CharacterString>
            </gmd:code>
            <gmd:version>
              <gco:CharacterString>6.18.3</gco:CharacterString>
            </gmd:version>
          </gmd:RS_Identifier>
        </gmd:referenceSystemIdentifier>
      </gmd:MD_ReferenceSystem>
    </gmd:referenceSystemInfo>
    <gmd:referenceSystemInfo xlink:title="North American Vertical Datum 1988">
      <gmd:MD_ReferenceSystem xsi:schemaLocation="http://www.isotc211.org/2005/gmi https://www.ngdc.noaa.gov/metadata/published/xsd/schema.xsd" uuid="7bfef30a-970e-48de-a173-675dc4b61695">
        <gmd:referenceSystemIdentifier>
          <gmd:RS_Identifier>
            <gmd:authority>
              <gmd:CI_Citation>
                <gmd:title>
                  <gco:CharacterString>North American Vertical Datum 1988</gco:CharacterString>
                </gmd:title>
                <gmd:alternateTitle>
                  <gco:CharacterString>North American Vertical Datum 1988</gco:CharacterString>
                </gmd:alternateTitle>
                <gmd:citedResponsibleParty>
                  <gmd:CI_ResponsibleParty>
                    <gmd:organisationName gco:nilReason="withheld"/>
                    <gmd:contactInfo>
                      <gmd:CI_Contact>
                        <gmd:onlineResource>
                          <gmd:CI_OnlineResource>
                            <gmd:linkage>
                              <gmd:URL>https://apps.epsg.org/api/v1/VerticalCoordRefSystem/6360/?api_key=gml</gmd:URL>
                            </gmd:linkage>
                            <gmd:name>
                              <gco:CharacterString>North American Vertical Datum 1988</gco:CharacterString>
                            </gmd:name>
                            <gmd:description>
                              <gco:CharacterString>Link to Geographic Markup Language (GML) description of reference system.</gco:CharacterString>
                            </gmd:description>
                            <gmd:function>
                              <gmd:CI_OnLineFunctionCode codeList="https://www.ngdc.noaa.gov/metadata/published/xsd/schema/resources/Codelist/gmxCodelists.xml#CI_OnLineFunctionCode" codeListValue="information">information</gmd:CI_OnLineFunctionCode>
                            </gmd:function>
                          </gmd:CI_OnlineResource>
                        </gmd:onlineResource>
                      </gmd:CI_Contact>
                    </gmd:contactInfo>
                    <gmd:role>
                      <gmd:CI_RoleCode codeList="http://www.isotc211.org/2005/resources/Codelist/gmxCodelists.xml#CI_RoleCode" codeListValue="resourceProvider">resourceProvider</gmd:CI_RoleCode>
                    </gmd:role>
                  </gmd:CI_ResponsibleParty>
                </gmd:citedResponsibleParty>
                <gmd:citedResponsibleParty xlink:title="EPSG Registry">
                  <gmd:CI_ResponsibleParty xsi:schemaLocation="http://www.isotc211.org/2005/gmd https://www.ngdc.noaa.gov/metadata/published/xsd/schema.xsd" uuid="68498237-c535-48dd-a292-17c2fc36cb97">
                    <gmd:organisationName>
                      <gco:CharacterString>European Petroleum Survey Group</gco:CharacterString>
                    </gmd:organisationName>
                    <gmd:contactInfo>
                      <gmd:CI_Contact>
                        <gmd:onlineResource>
                          <gmd:CI_OnlineResource>
                            <gmd:linkage>
                              <gmd:URL>https://www.epsg.org/</gmd:URL>
                            </gmd:linkage>
                            <gmd:name>
                              <gco:CharacterString>European Petroleum Survey Group Geodetic Parameter Registry</gco:CharacterString>
                            </gmd:name>
                            <gmd:description>
                              <gco:CharacterString>Registry that accesses the EPSG Geodetic Parameter Dataset, which is a structured dataset of Coordinate Reference Systems and Coordinate Transformations.</gco:CharacterString>
                            </gmd:description>
                            <gmd:function>
                              <gmd:CI_OnLineFunctionCode codeList="https://www.ngdc.noaa.gov/metadata/published/xsd/schema/resources/Codelist/gmxCodelists.xml#CI_OnLineFunctionCode" codeListValue="search">search</gmd:CI_OnLineFunctionCode>
                            </gmd:function>
                          </gmd:CI_OnlineResource>
                        </gmd:onlineResource>
                      </gmd:CI_Contact>
                    </gmd:contactInfo>
                    <gmd:role>
                      <gmd:CI_RoleCode codeList="https://www.ngdc.noaa.gov/metadata/published/xsd/schema/resources/Codelist/gmxCodelists.xml#CI_RoleCode" codeListValue="publisher">publisher</gmd:CI_RoleCode>
                    </gmd:role>
                  </gmd:CI_ResponsibleParty>
                </gmd:citedResponsibleParty>
                <gml:VerticalCS xmlns:epsg="urn:x-ogp:spec:schema-xsd:EPSG:1.0:dataset" gml:id="epsg-cs-6499">
                  <gml:metaDataProperty>
                    <epsg:CommonMetaData>
                      <epsg:type>vertical</epsg:type>
                      <epsg:informationSource>OGP</epsg:informationSource>
                      <epsg:revisionDate>2006-11-28</epsg:revisionDate>
                      <epsg:isDeprecated>false</epsg:isDeprecated>
                    </epsg:CommonMetaData>
                  </gml:metaDataProperty>
                  <gml:identifier codeSpace="OGP">urn:ogc:def:cs:EPSG::6497</gml:identifier>
                  <gml:name>Vertical CS. Axis: height (H). Orientation: up. UoM: foot [FT_US].</gml:name>
                  <gml:remarks>Used in vertical coordinate reference systems.</gml:remarks>
                  <gml:axis>
                    <gml:CoordinateSystemAxis uom="urn:ogc:def:uom:EPSG::9003" gml:id="epsg-axis-114">
                      <gml:descriptionReference xlink:href="urn:ogc:def:axis-name:EPSG::9904"/>
                      <gml:identifier codeSpace="OGP">urn:ogc:def:axis:EPSG::114</gml:identifier>
                      <gml:axisAbbrev>H</gml:axisAbbrev>
                      <gml:axisDirection codeSpace="EPSG">up</gml:axisDirection>
                    </gml:CoordinateSystemAxis>
                  </gml:axis>
                </gml:VerticalCS>
              </gmd:CI_Citation>
            </gmd:authority>
            <gmd:code>
              <gco:CharacterString>urn:ogc:def:crs:EPSG::6360</gco:CharacterString>
            </gmd:code>
          </gmd:RS_Identifier>
        </gmd:referenceSystemIdentifier>
      </gmd:MD_ReferenceSystem>
    </gmd:referenceSystemInfo>
  </gmd:referenceSystemInfo>
  <gmd:identificationInfo>
    <gmd:MD_DataIdentification>
      <gmd:citation>
        <gmd:CI_Citation>
          <gmd:title>
            <gco:CharacterString>2009 - 2011 CA Coastal Conservancy Coastal Lidar Project: Hydro-flattened Bare Earth DEM</gco:CharacterString>
          </gmd:title>
          <gmd:alternateTitle>
            <gco:CharacterString>ca2010_coastal_dem</gco:CharacterString>
          </gmd:alternateTitle>
          <gmd:date>
            <gmd:CI_Date>
              <gmd:date>
                <gco:Date>2012</gco:Date>
              </gmd:date>
              <gmd:dateType>
                <gmd:CI_DateTypeCode codeList="http://www.isotc211.org/2005/resources/codeList.xml#CI_DateTypeCode" codeListValue="publication">publication</gmd:CI_DateTypeCode>
              </gmd:dateType>
            </gmd:CI_Date>
          </gmd:date>
          <gmd:identifier>
            <gmd:MD_Identifier>
              <gmd:authority>
                <gmd:CI_Citation>
                  <gmd:title>
                    <gco:CharacterString>NOAA/NMFS/EDM</gco:CharacterString>
                  </gmd:title>
                  <gmd:date gco:nilReason="inapplicable"/>
                </gmd:CI_Citation>
              </gmd:authority>
              <gmd:code>
                <gmx:Anchor xlink:href="https://www.fisheries.noaa.gov/inport/item/49415" xlink:actuate="onRequest" xlink:title="InPort Catalog ID">49415</gmx:Anchor>
              </gmd:code>
            </gmd:MD_Identifier>
          </gmd:identifier>
          <gmd:citedResponsibleParty>
            <gmd:CI_ResponsibleParty>
              <gmd:organisationName gco:nilReason="inapplicable"/>
              <gmd:contactInfo>
                <gmd:CI_Contact>
                  <gmd:onlineResource>
                    <gmd:CI_OnlineResource>
                      <gmd:linkage>
                        <gmd:URL>https://www.fisheries.noaa.gov/inport/item/49415</gmd:URL>
                      </gmd:linkage>
                      <gmd:protocol>
                        <gco:CharacterString>WWW:LINK-1.0-http--link</gco:CharacterString>
                      </gmd:protocol>
                      <gmd:name>
                        <gco:CharacterString>Full Metadata Record</gco:CharacterString>
                      </gmd:name>
                      <gmd:description>
                        <gco:CharacterString>View the complete metadata record on InPort for more information about this dataset.</gco:CharacterString>
                      </gmd:description>
                      <gmd:function>
                        <gmd:CI_OnLineFunctionCode codeList="http://www.isotc211.org/2005/resources/Codelist/gmxCodelists.xml#CI_OnLineFunctionCode" codeListValue="information">information</gmd:CI_OnLineFunctionCode>
                      </gmd:function>
                    </gmd:CI_OnlineResource>
                  </gmd:onlineResource>
                </gmd:CI_Contact>
              </gmd:contactInfo>
              <gmd:role gco:nilReason="inapplicable"/>
            </gmd:CI_ResponsibleParty>
          </gmd:citedResponsibleParty>
          <gmd:citedResponsibleParty>
            <gmd:CI_ResponsibleParty>
              <gmd:organisationName gco:nilReason="inapplicable"/>
              <gmd:contactInfo>
                <gmd:CI_Contact>
                  <gmd:onlineResource>
                    <gmd:CI_OnlineResource>
                      <gmd:linkage>
                        <gmd:URL>https://coast.noaa.gov</gmd:URL>
                      </gmd:linkage>
                      <gmd:protocol>
                        <gco:CharacterString>WWW:LINK-1.0-http--link</gco:CharacterString>
                      </gmd:protocol>
                      <gmd:name>
                        <gco:CharacterString>
                                                                        Citation URL
                                                                    </gco:CharacterString>
                      </gmd:name>
                      <gmd:description>
                        <gco:CharacterString>Online Resource</gco:CharacterString>
                      </gmd:description>
                      <gmd:function>
                        <gmd:CI_OnLineFunctionCode codeList="http://www.isotc211.org/2005/resources/Codelist/gmxCodelists.xml#CI_OnLineFunctionCode" codeListValue="download">download</gmd:CI_OnLineFunctionCode>
                      </gmd:function>
                    </gmd:CI_OnlineResource>
                  </gmd:onlineResource>
                </gmd:CI_Contact>
              </gmd:contactInfo>
              <gmd:role gco:nilReason="inapplicable"/>
            </gmd:CI_ResponsibleParty>
          </gmd:citedResponsibleParty>
          <gmd:citedResponsibleParty>
            <gmd:CI_ResponsibleParty>
              <gmd:organisationName gco:nilReason="inapplicable"/>
              <gmd:contactInfo>
                <gmd:CI_Contact>
                  <gmd:onlineResource>
                    <gmd:CI_OnlineResource>
                      <gmd:linkage>
                        <gmd:URL>https://coast.noaa.gov/dataviewer/</gmd:URL>
                      </gmd:linkage>
                      <gmd:protocol>
                        <gco:CharacterString>WWW:LINK-1.0-http--link</gco:CharacterString>
                      </gmd:protocol>
                      <gmd:name>
                        <gco:CharacterString>
                                                                        Citation URL
                                                                    </gco:CharacterString>
                      </gmd:name>
                      <gmd:description>
                        <gco:CharacterString>Online Resource</gco:CharacterString>
                      </gmd:description>
                      <gmd:function>
                        <gmd:CI_OnLineFunctionCode codeList="http://www.isotc211.org/2005/resources/Codelist/gmxCodelists.xml#CI_OnLineFunctionCode" codeListValue="download">download</gmd:CI_OnLineFunctionCode>
                      </gmd:function>
                    </gmd:CI_OnlineResource>
                  </gmd:onlineResource>
                </gmd:CI_Contact>
              </gmd:contactInfo>
              <gmd:role gco:nilReason="inapplicable"/>
            </gmd:CI_ResponsibleParty>
          </gmd:citedResponsibleParty>
        </gmd:CI_Citation>
      </gmd:citation>
      <gmd:abstract>
        <gco:CharacterString>Light Detection and Ranging (LiDAR) data is remotely sensed high-resolution elevation data collected by an airborne collection
platform. This LiDAR dataset is a survey of Coastal California. The project area consists of approximately 2616 square miles.
The project design of the LiDAR data acquisition was developed to support a nominal post spacing of 1 meter. Fugro EarthData,
Inc. acquired 1546 flight lines in 108 lifts between October 2009 and August 2011. LiDAR data collection was performed with two
Piper Navajo twin engine aircrafts, utilizing a Leica ALS60 MPiA sensor; collecting multiple return x, y, and z as well as
intensity data. The bare-earth lidar data was used to create hydro-flattened DEMs (Digital Elevation Models) available for
download from the NOAA OCM Digital Coast.

Original contact information: 
   Contact Org: NOAA Office for Coastal Management
   Phone: 843-740-1202
   Email: coastal.info@noaa.gov
This data set is a raster file with 2085 columns and 5359 rows and may have been mosaiced, reprojected, and clipped from the original tiles. The data set was generated from a larger data set and includes all valid data within the requested geographic bounds.
		</gco:CharacterString>
      </gmd:abstract>
      <gmd:purpose>
        <gco:CharacterString>These digital data are intended to support the local coastal zone managers in their decision-making processes, including applications such
as sea level rise.</gco:CharacterString>
      </gmd:purpose>
      <gmd:credit>
        <gco:CharacterString>Department of Commerce (DOC), National Oceanic and Atmospheric Administration (NOAA), National Ocean Service (NOS), Office for Coastal Management (OCM); the California State Coastal Conservancy (SCC) Ocean Protection Council (OPC); Scripps Institution of Oceanography;
and the Joint Airborne Lidar Bathymetry Technical Center of Expertise (JALBTCX).
			The custom download may be cited as National Oceanic and Atmospheric Administration (NOAA) Digital Coast Data Access Viewer. Charleston, SC: NOAA Office for Coastal Management. Accessed Jun 30, 2022 at https://coast.noaa.gov/dataviewer.
		</gco:CharacterString>
      </gmd:credit>
      <gmd:status>
        <gmd:MD_ProgressCode codeList="http://www.isotc211.org/2005/resources/Codelist/gmxCodelists.xml#gmd:MD_ProgressCode" codeListValue="completed">completed</gmd:MD_ProgressCode>
      </gmd:status>
      <gmd:pointOfContact>
        <gmd:CI_ResponsibleParty>
          <gmd:organisationName>
            <gco:CharacterString>NOAA Office for Coastal Management</gco:CharacterString>
          </gmd:organisationName>
          <gmd:contactInfo>
            <gmd:CI_Contact>
              <gmd:phone>
                <gmd:CI_Telephone>
                  <gmd:voice>
                    <gco:CharacterString>(843) 740-1202</gco:CharacterString>
                  </gmd:voice>
                </gmd:CI_Telephone>
              </gmd:phone>
              <gmd:address>
                <gmd:CI_Address>
                  <gmd:deliveryPoint>
                    <gco:CharacterString>2234 South Hobson Ave</gco:CharacterString>
                  </gmd:deliveryPoint>
                  <gmd:city>
                    <gco:CharacterString>Charleston</gco:CharacterString>
                  </gmd:city>
                  <gmd:administrativeArea>
                    <gco:CharacterString>SC</gco:CharacterString>
                  </gmd:administrativeArea>
                  <gmd:postalCode>
                    <gco:CharacterString>29405-2413</gco:CharacterString>
                  </gmd:postalCode>
                  <gmd:country gco:nilReason="missing"/>
                  <gmd:electronicMailAddress>
                    <gco:CharacterString>coastal.info@noaa.gov</gco:CharacterString>
                  </gmd:electronicMailAddress>
                </gmd:CI_Address>
              </gmd:address>
              <gmd:onlineResource>
                <gmd:CI_OnlineResource>
                  <gmd:linkage>
                    <gmd:URL>https://coast.noaa.gov</gmd:URL>
                  </gmd:linkage>
                  <gmd:protocol>
                    <gco:CharacterString>WWW:LINK-1.0-http--link</gco:CharacterString>
                  </gmd:protocol>
                  <gmd:name>
                    <gco:CharacterString>NOAA Office for Coastal Management Website</gco:CharacterString>
                  </gmd:name>
                  <gmd:description>
                    <gco:CharacterString>NOAA Office for Coastal Management Home Page</gco:CharacterString>
                  </gmd:description>
                  <gmd:function>
                    <gmd:CI_OnLineFunctionCode codeList="http://www.isotc211.org/2005/resources/Codelist/gmxCodelists.xml#CI_OnLineFunctionCode" codeListValue="information">information</gmd:CI_OnLineFunctionCode>
                  </gmd:function>
                </gmd:CI_OnlineResource>
              </gmd:onlineResource>
            </gmd:CI_Contact>
          </gmd:contactInfo>
          <gmd:role>
            <gmd:CI_RoleCode codeList="http://www.isotc211.org/2005/resources/Codelist/gmxCodelists.xml#gmd:CI_RoleCode" codeListValue="pointOfContact">pointOfContact</gmd:CI_RoleCode>
          </gmd:role>
        </gmd:CI_ResponsibleParty>
      </gmd:pointOfContact>
      <gmd:pointOfContact>
        <gmd:CI_ResponsibleParty>
          <gmd:organisationName>
            <gco:CharacterString>NOAA Office for Coastal Management</gco:CharacterString>
          </gmd:organisationName>
          <gmd:contactInfo>
            <gmd:CI_Contact>
              <gmd:phone>
                <gmd:CI_Telephone>
                  <gmd:voice>
                    <gco:CharacterString>(843) 740-1202</gco:CharacterString>
                  </gmd:voice>
                </gmd:CI_Telephone>
              </gmd:phone>
              <gmd:address>
                <gmd:CI_Address>
                  <gmd:deliveryPoint>
                    <gco:CharacterString>2234 South Hobson Ave</gco:CharacterString>
                  </gmd:deliveryPoint>
                  <gmd:city>
                    <gco:CharacterString>Charleston</gco:CharacterString>
                  </gmd:city>
                  <gmd:administrativeArea>
                    <gco:CharacterString>SC</gco:CharacterString>
                  </gmd:administrativeArea>
                  <gmd:postalCode>
                    <gco:CharacterString>29405-2413</gco:CharacterString>
                  </gmd:postalCode>
                  <gmd:country gco:nilReason="missing"/>
                  <gmd:electronicMailAddress>
                    <gco:CharacterString>coastal.info@noaa.gov</gco:CharacterString>
                  </gmd:electronicMailAddress>
                </gmd:CI_Address>
              </gmd:address>
              <gmd:onlineResource>
                <gmd:CI_OnlineResource>
                  <gmd:linkage>
                    <gmd:URL>https://coast.noaa.gov</gmd:URL>
                  </gmd:linkage>
                  <gmd:protocol>
                    <gco:CharacterString>WWW:LINK-1.0-http--link</gco:CharacterString>
                  </gmd:protocol>
                  <gmd:name>
                    <gco:CharacterString>NOAA Office for Coastal Management Website</gco:CharacterString>
                  </gmd:name>
                  <gmd:description>
                    <gco:CharacterString>NOAA Office for Coastal Management Home Page</gco:CharacterString>
                  </gmd:description>
                  <gmd:function>
                    <gmd:CI_OnLineFunctionCode codeList="http://www.isotc211.org/2005/resources/Codelist/gmxCodelists.xml#CI_OnLineFunctionCode" codeListValue="information">information</gmd:CI_OnLineFunctionCode>
                  </gmd:function>
                </gmd:CI_OnlineResource>
              </gmd:onlineResource>
            </gmd:CI_Contact>
          </gmd:contactInfo>
          <gmd:role>
            <gmd:CI_RoleCode codeList="http://www.isotc211.org/2005/resources/Codelist/gmxCodelists.xml#gmd:CI_RoleCode" codeListValue="custodian">custodian</gmd:CI_RoleCode>
          </gmd:role>
        </gmd:CI_ResponsibleParty>
      </gmd:pointOfContact>
      <gmd:resourceMaintenance>
        <gmd:MD_MaintenanceInformation>
          <gmd:maintenanceAndUpdateFrequency>
            <gmd:MD_MaintenanceFrequencyCode codeList="http://www.tc211.org/ISO19139/resources/codeList.xml#MD_MaintenanceFrequencyCode" codeListValue="asNeeded">asNeeded</gmd:MD_MaintenanceFrequencyCode>
          </gmd:maintenanceAndUpdateFrequency>
        </gmd:MD_MaintenanceInformation>
      </gmd:resourceMaintenance>
      <gmd:descriptiveKeywords>
        <gmd:MD_Keywords>
          <gmd:keyword>
            <gco:CharacterString>EARTH SCIENCE &gt; LAND SURFACE &gt; TOPOGRAPHY &gt; TERRAIN ELEVATION &gt; TOPOGRAPHICAL RELIEF MAPS</gco:CharacterString>
          </gmd:keyword>
          <gmd:keyword>
            <gco:CharacterString>EARTH SCIENCE &gt; OCEANS &gt; COASTAL PROCESSES &gt; COASTAL ELEVATION</gco:CharacterString>
          </gmd:keyword>
          <gmd:type>
            <gmd:MD_KeywordTypeCode codeList="http://www.isotc211.org/2005/resources/Codelist/gmxCodelists.xml#gmd:MD_KeywordTypeCode" codeListValue="theme">theme</gmd:MD_KeywordTypeCode>
          </gmd:type>
          <gmd:thesaurusName>
            <gmd:CI_Citation>
              <gmd:title>
                <gco:CharacterString>Global Change Master Directory (GCMD) Science Keywords</gco:CharacterString>
              </gmd:title>
              <gmd:date gco:nilReason="missing"/>
              <gmd:edition>
                <gco:CharacterString>12.3</gco:CharacterString>
              </gmd:edition>
            </gmd:CI_Citation>
          </gmd:thesaurusName>
        </gmd:MD_Keywords>
      </gmd:descriptiveKeywords>
      <gmd:descriptiveKeywords>
        <gmd:MD_Keywords>
          <gmd:keyword>
            <gco:CharacterString>CONTINENT &gt; NORTH AMERICA &gt; UNITED STATES OF AMERICA &gt; CALIFORNIA</gco:CharacterString>
          </gmd:keyword>
          <gmd:type>
            <gmd:MD_KeywordTypeCode codeList="http://www.isotc211.org/2005/resources/Codelist/gmxCodelists.xml#gmd:MD_KeywordTypeCode" codeListValue="place">place</gmd:MD_KeywordTypeCode>
          </gmd:type>
          <gmd:thesaurusName>
            <gmd:CI_Citation>
              <gmd:title>
                <gco:CharacterString>Global Change Master Directory (GCMD) Location Keywords</gco:CharacterString>
              </gmd:title>
              <gmd:date gco:nilReason="missing"/>
              <gmd:edition>
                <gco:CharacterString>12.3</gco:CharacterString>
              </gmd:edition>
            </gmd:CI_Citation>
          </gmd:thesaurusName>
        </gmd:MD_Keywords>
      </gmd:descriptiveKeywords>
      <gmd:descriptiveKeywords>
        <gmd:MD_Keywords>
          <gmd:keyword>
            <gco:CharacterString>Bare Earth</gco:CharacterString>
          </gmd:keyword>
          <gmd:keyword>
            <gco:CharacterString>Bathymetry/Topography</gco:CharacterString>
          </gmd:keyword>
          <gmd:keyword>
            <gco:CharacterString>DEM</gco:CharacterString>
          </gmd:keyword>
          <gmd:keyword>
            <gco:CharacterString>Elevation</gco:CharacterString>
          </gmd:keyword>
          <gmd:keyword>
            <gco:CharacterString>LiDAR</gco:CharacterString>
          </gmd:keyword>
          <gmd:keyword>
            <gco:CharacterString>Model</gco:CharacterString>
          </gmd:keyword>
          <gmd:keyword>
            <gco:CharacterString>Surface</gco:CharacterString>
          </gmd:keyword>
          <gmd:keyword>
            <gco:CharacterString>Terrain</gco:CharacterString>
          </gmd:keyword>
          <gmd:type>
            <gmd:MD_KeywordTypeCode codeList="http://www.isotc211.org/2005/resources/Codelist/gmxCodelists.xml#gmd:MD_KeywordTypeCode" codeListValue="theme">theme</gmd:MD_KeywordTypeCode>
          </gmd:type>
          <gmd:thesaurusName>
            <gmd:CI_Citation>
              <gmd:title>
                <gco:CharacterString>Keywords</gco:CharacterString>
              </gmd:title>
              <gmd:date gco:nilReason="missing"/>
            </gmd:CI_Citation>
          </gmd:thesaurusName>
        </gmd:MD_Keywords>
      </gmd:descriptiveKeywords>
      <gmd:descriptiveKeywords>
        <gmd:MD_Keywords>
          <gmd:keyword>
            <gco:CharacterString>California</gco:CharacterString>
          </gmd:keyword>
          <gmd:keyword>
            <gco:CharacterString>United States</gco:CharacterString>
          </gmd:keyword>
          <gmd:type>
            <gmd:MD_KeywordTypeCode codeList="http://www.isotc211.org/2005/resources/Codelist/gmxCodelists.xml#gmd:MD_KeywordTypeCode" codeListValue="place">place</gmd:MD_KeywordTypeCode>
          </gmd:type>
        </gmd:MD_Keywords>
      </gmd:descriptiveKeywords>
      <gmd:descriptiveKeywords>
        <gmd:MD_Keywords>
          <gmd:keyword>
            <gco:CharacterString>DEMs - partner (no harvest)</gco:CharacterString>
          </gmd:keyword>
          <gmd:type>
            <gmd:MD_KeywordTypeCode codeList="https://data.noaa.gov/resources/iso19139/schema/resources/Codelist/gmxCodelists.xml#MD_KeywordTypeCode" codeListValue="project">project</gmd:MD_KeywordTypeCode>
          </gmd:type>
          <gmd:thesaurusName>
            <gmd:CI_Citation>
              <gmd:title>
                <gco:CharacterString>InPort</gco:CharacterString>
              </gmd:title>
              <gmd:date gco:nilReason="inapplicable"/>
            </gmd:CI_Citation>
          </gmd:thesaurusName>
        </gmd:MD_Keywords>
      </gmd:descriptiveKeywords>
      <gmd:resourceConstraints>
        <gmd:MD_LegalConstraints>
          <gmd:useConstraints>
            <gmd:MD_RestrictionCode codeList="http://www.isotc211.org/2005/resources/Codelist/gmxCodelists.xml#gmd:MD_RestrictionCode" codeListValue="otherRestrictions">otherRestrictions</gmd:MD_RestrictionCode>
          </gmd:useConstraints>
          <gmd:otherConstraints>
            <gco:CharacterString>
		This data set was compiled dynamically, and will exist on https://chs.coast.noaa.gov/pickup/dav/746781/Job746781_CA2009_coastal_DEM.zip until 10 days after 06/30/2022. The file will then be deleted from the system.
			Cite As: OCM Partners, [Date of Access]: 2009 - 2011 CA Coastal Conservancy Coastal Lidar Project: Hydro-flattened Bare Earth DEM [Data Date Range], https://www.fisheries.noaa.gov/inport/item/49415.</gco:CharacterString>
          </gmd:otherConstraints>
        </gmd:MD_LegalConstraints>
      </gmd:resourceConstraints>
      <gmd:resourceConstraints>
        <gmd:MD_Constraints>
          <gmd:useLimitation>
            <gco:CharacterString>NOAA provides no warranty, nor accepts any liability occurring from any incomplete, incorrect, or misleading data, or from any incorrect, incomplete, or misleading use of the data. It is the responsibility of the user to determine whether or not the data is suitable for the intended purpose.</gco:CharacterString>
          </gmd:useLimitation>
        </gmd:MD_Constraints>
      </gmd:resourceConstraints>
      <gmd:resourceConstraints>
        <gmd:MD_LegalConstraints>
          <gmd:accessConstraints>
            <gmd:MD_RestrictionCode codeList="http://www.isotc211.org/2005/resources/Codelist/gmxCodelists.xml#gmd:MD_RestrictionCode" codeListValue="otherRestrictions">otherRestrictions</gmd:MD_RestrictionCode>
          </gmd:accessConstraints>
          <gmd:useConstraints>
            <gmd:MD_RestrictionCode codeList="http://www.isotc211.org/2005/resources/Codelist/gmxCodelists.xml#gmd:MD_RestrictionCode" codeListValue="otherRestrictions">otherRestrictions</gmd:MD_RestrictionCode>
          </gmd:useConstraints>
          <gmd:otherConstraints>
            <gco:CharacterString>
		This data set was compiled dynamically, and will exist on https://chs.coast.noaa.gov/pickup/dav/746781/Job746781_CA2009_coastal_DEM.zip until 10 days after 06/30/2022. The file will then be deleted from the system.
			Access Constraints: None | Use Constraints: Users should be aware that temporal changes may have occurred since this data set was collected and some parts of this
data may no longer represent actual surface conditions. Users should not use this data for critical applications without a full awareness
of its limitations. | Distribution Liability: Any conclusions drawn from the analysis of this information are not the responsibility of NOAA, the Office for Coastal Management
or its partners.</gco:CharacterString>
          </gmd:otherConstraints>
        </gmd:MD_LegalConstraints>
      </gmd:resourceConstraints>
      <gmd:resourceConstraints>
        <gmd:MD_SecurityConstraints>
          <gmd:classification>
            <gmd:MD_ClassificationCode codeList="http://www.isotc211.org/2005/resources/Codelist/gmxCodelists.xml#gmd:MD_ClassificationCode" codeListValue="unclassified">unclassified</gmd:MD_ClassificationCode>
          </gmd:classification>
          <gmd:classificationSystem>
            <gco:CharacterString>None</gco:CharacterString>
          </gmd:classificationSystem>
          <gmd:handlingDescription>
            <gco:CharacterString>N/A</gco:CharacterString>
          </gmd:handlingDescription>
        </gmd:MD_SecurityConstraints>
      </gmd:resourceConstraints>
      <gmd:aggregationInfo>
        <gmd:MD_AggregateInformation>
          <gmd:aggregateDataSetName>
            <gmd:CI_Citation>
              <gmd:title>
                <gco:CharacterString>NOAA Data Management Plan (DMP)</gco:CharacterString>
              </gmd:title>
              <gmd:date gco:nilReason="unknown"/>
              <gmd:identifier>
                <gmd:MD_Identifier>
                  <gmd:authority>
                    <gmd:CI_Citation>
                      <gmd:title>
                        <gco:CharacterString>NOAA/NMFS/EDM</gco:CharacterString>
                      </gmd:title>
                      <gmd:date gco:nilReason="inapplicable"/>
                    </gmd:CI_Citation>
                  </gmd:authority>
                  <gmd:code>
                    <gco:CharacterString>49415</gco:CharacterString>
                  </gmd:code>
                </gmd:MD_Identifier>
              </gmd:identifier>
              <gmd:citedResponsibleParty>
                <gmd:CI_ResponsibleParty>
                  <gmd:organisationName gco:nilReason="inapplicable"/>
                  <gmd:contactInfo>
                    <gmd:CI_Contact>
                      <gmd:onlineResource>
                        <gmd:CI_OnlineResource>
                          <gmd:linkage>
                            <gmd:URL>https://www.fisheries.noaa.gov/inportserve/waf/noaa/nos/ocmp/dmp/pdf/49415.pdf</gmd:URL>
                          </gmd:linkage>
                          <gmd:protocol>
                            <gco:CharacterString>WWW:LINK-1.0-http--link</gco:CharacterString>
                          </gmd:protocol>
                          <gmd:name>
                            <gco:CharacterString>NOAA Data Management Plan (DMP)</gco:CharacterString>
                          </gmd:name>
                          <gmd:description>
                            <gco:CharacterString>NOAA Data Management Plan for this record on InPort.</gco:CharacterString>
                          </gmd:description>
                          <gmd:function>
                            <gmd:CI_OnLineFunctionCode codeList="http://www.isotc211.org/2005/resources/Codelist/gmxCodelists.xml#CI_OnLineFunctionCode" codeListValue="information">information</gmd:CI_OnLineFunctionCode>
                          </gmd:function>
                        </gmd:CI_OnlineResource>
                      </gmd:onlineResource>
                    </gmd:CI_Contact>
                  </gmd:contactInfo>
                  <gmd:role gco:nilReason="inapplicable"/>
                </gmd:CI_ResponsibleParty>
              </gmd:citedResponsibleParty>
            </gmd:CI_Citation>
          </gmd:aggregateDataSetName>
          <gmd:associationType>
            <gmd:DS_AssociationTypeCode codeList="http://www.isotc211.org/2005/resources/Codelist/gmxCodelists.xml#DS_AssociationTypeCode" codeListValue="crossReference">crossReference</gmd:DS_AssociationTypeCode>
          </gmd:associationType>
        </gmd:MD_AggregateInformation>
      </gmd:aggregationInfo>
      <gmd:spatialRepresentationType>
        <gmd:MD_SpatialRepresentationTypeCode codeList="http://www.isotc211.org/2005/resources/Codelist/gmxCodelists.xml#gmd:MD_SpatialRepresentationTypeCode" codeListValue="vector">vector</gmd:MD_SpatialRepresentationTypeCode>
      </gmd:spatialRepresentationType>
      <gmd:language>
        <gco:CharacterString>eng; US</gco:CharacterString>
      </gmd:language>
      <gmd:topicCategory>
        <gmd:MD_TopicCategoryCode>elevation</gmd:MD_TopicCategoryCode>
      </gmd:topicCategory>
      <gmd:environmentDescription>
        <gco:CharacterString>Microsoft Windows XP Version 5.1 (Build 2600) Service
Pack 2; ESRI ArcCatalog 9.2.6.1500</gco:CharacterString>
      </gmd:environmentDescription>
      <gmd:extent>
        <gmd:EX_Extent>
          <gmd:geographicElement>
            <gmd:EX_GeographicBoundingBox>
              <gmd:westBoundLongitude>
                <gco:Decimal>
		-123.00516129
		</gco:Decimal>
              </gmd:westBoundLongitude>
              <gmd:eastBoundLongitude>
                <gco:Decimal>
		-122.98301696999997
		</gco:Decimal>
              </gmd:eastBoundLongitude>
              <gmd:southBoundLatitude>
                <gco:Decimal>32.521695</gco:Decimal>
              </gmd:southBoundLatitude>
              <gmd:northBoundLatitude>
                <gco:Decimal>42.012737</gco:Decimal>
              </gmd:northBoundLatitude>
            </gmd:EX_GeographicBoundingBox>
          </gmd:geographicElement>
          <gmd:temporalElement>
            <gmd:EX_TemporalExtent>
              <gmd:extent>
                <gml:TimePeriod gml:id="boundingTemporalExtent-1-1">
                  <gml:description> | Currentness: Publication Date</gml:description>
                  <gml:beginPosition>2009-09-01</gml:beginPosition>
                  <gml:endPosition>2011-10-01</gml:endPosition>
                </gml:TimePeriod>
              </gmd:extent>
            </gmd:EX_TemporalExtent>
          </gmd:temporalElement>
        </gmd:EX_Extent>
      </gmd:extent>
      <gmd:supplementalInformation>
        <gco:CharacterString>The information in this report is the result of LiDAR surveys performed on the date indicated and the general conditions at the time of
flight.</gco:CharacterString>
      </gmd:supplementalInformation>
    </gmd:MD_DataIdentification>
  </gmd:identificationInfo>
  <gmd:contentInfo>
    <gmd:MD_FeatureCatalogueDescription>
      <gmd:complianceCode>
        <gco:Boolean>false</gco:Boolean>
      </gmd:complianceCode>
      <gmd:language>
        <gmd:LanguageCode codeList="http://www.loc.gov/standards/iso639-2/php/code_list.php" codeListValue="eng">eng</gmd:LanguageCode>
      </gmd:language>
      <gmd:includedWithDataset>
        <gco:Boolean>false</gco:Boolean>
      </gmd:includedWithDataset>
      <gmd:featureCatalogueCitation>
        <gmd:CI_Citation>
          <gmd:title>
            <gco:CharacterString>see process steps within this record</gco:CharacterString>
          </gmd:title>
          <gmd:date gco:nilReason="unavailable"/>
        </gmd:CI_Citation>
      </gmd:featureCatalogueCitation>
    </gmd:MD_FeatureCatalogueDescription>
  </gmd:contentInfo>
  <gmd:distributionInfo>
    <gmd:MD_Distribution>
      <gmd:distributor>
        <gmd:MD_Distributor>
          <gmd:distributorContact>
            <gmd:CI_ResponsibleParty>
              <gmd:organisationName>
                <gco:CharacterString>NOAA Office for Coastal Management</gco:CharacterString>
              </gmd:organisationName>
              <gmd:contactInfo>
                <gmd:CI_Contact>
                  <gmd:phone>
                    <gmd:CI_Telephone>
                      <gmd:voice>
                        <gco:CharacterString>(843) 740-1202</gco:CharacterString>
                      </gmd:voice>
                    </gmd:CI_Telephone>
                  </gmd:phone>
                  <gmd:address>
                    <gmd:CI_Address>
                      <gmd:deliveryPoint>
                        <gco:CharacterString>2234 South Hobson Ave</gco:CharacterString>
                      </gmd:deliveryPoint>
                      <gmd:city>
                        <gco:CharacterString>Charleston</gco:CharacterString>
                      </gmd:city>
                      <gmd:administrativeArea>
                        <gco:CharacterString>SC</gco:CharacterString>
                      </gmd:administrativeArea>
                      <gmd:postalCode>
                        <gco:CharacterString>29405-2413</gco:CharacterString>
                      </gmd:postalCode>
                      <gmd:country gco:nilReason="missing"/>
                      <gmd:electronicMailAddress>
                        <gco:CharacterString>coastal.info@noaa.gov</gco:CharacterString>
                      </gmd:electronicMailAddress>
                    </gmd:CI_Address>
                  </gmd:address>
                  <gmd:onlineResource>
                    <gmd:CI_OnlineResource>
                      <gmd:linkage>
                        <gmd:URL>https://coast.noaa.gov</gmd:URL>
                      </gmd:linkage>
                      <gmd:protocol>
                        <gco:CharacterString>WWW:LINK-1.0-http--link</gco:CharacterString>
                      </gmd:protocol>
                      <gmd:name>
                        <gco:CharacterString>NOAA Office for Coastal Management Website</gco:CharacterString>
                      </gmd:name>
                      <gmd:description>
                        <gco:CharacterString>NOAA Office for Coastal Management Home Page</gco:CharacterString>
                      </gmd:description>
                      <gmd:function>
                        <gmd:CI_OnLineFunctionCode codeList="http://www.isotc211.org/2005/resources/Codelist/gmxCodelists.xml#CI_OnLineFunctionCode" codeListValue="information">information</gmd:CI_OnLineFunctionCode>
                      </gmd:function>
                    </gmd:CI_OnlineResource>
                  </gmd:onlineResource>
                </gmd:CI_Contact>
              </gmd:contactInfo>
              <gmd:role>
                <gmd:CI_RoleCode codeList="http://www.isotc211.org/2005/resources/Codelist/gmxCodelists.xml#gmd:CI_RoleCode" codeListValue="distributor">distributor</gmd:CI_RoleCode>
              </gmd:role>
            </gmd:CI_ResponsibleParty>
          </gmd:distributorContact>
        </gmd:MD_Distributor>
      </gmd:distributor>
      <gmd:transferOptions>
        <gmd:MD_DigitalTransferOptions>
          <gmd:onLine>
            <gmd:CI_OnlineResource>
              <gmd:linkage>
                <gmd:URL>https://coast.noaa.gov/htdata/raster2/elevation/California_Lidar_DEM_2009_1131</gmd:URL>
              </gmd:linkage>
              <gmd:protocol>
                <gco:CharacterString>WWW:LINK-1.0-http--link</gco:CharacterString>
              </gmd:protocol>
              <gmd:name>
                <gco:CharacterString>Bulk Download</gco:CharacterString>
              </gmd:name>
              <gmd:description>
                <gco:CharacterString>Simple download of data files.</gco:CharacterString>
              </gmd:description>
              <gmd:function>
                <gmd:CI_OnLineFunctionCode codeList="http://www.isotc211.org/2005/resources/Codelist/gmxCodelists.xml#CI_OnLineFunctionCode" codeListValue="download">download</gmd:CI_OnLineFunctionCode>
              </gmd:function>
            </gmd:CI_OnlineResource>
          </gmd:onLine>
        </gmd:MD_DigitalTransferOptions>
      </gmd:transferOptions>
      <gmd:transferOptions>
        <gmd:MD_DigitalTransferOptions>
          <gmd:onLine>
            <gmd:CI_OnlineResource>
              <gmd:linkage>
                <gmd:URL>https://coast.noaa.gov/dataviewer/#/lidar/search/where:ID=1131</gmd:URL>
              </gmd:linkage>
              <gmd:protocol>
                <gco:CharacterString>WWW:LINK-1.0-http--link</gco:CharacterString>
              </gmd:protocol>
              <gmd:name>
                <gco:CharacterString>Customized Download</gco:CharacterString>
              </gmd:name>
              <gmd:description>
                <gco:CharacterString>Create custom data files by choosing data area, product type, map projection, file format, datum, etc.</gco:CharacterString>
              </gmd:description>
              <gmd:function>
                <gmd:CI_OnLineFunctionCode codeList="http://www.isotc211.org/2005/resources/Codelist/gmxCodelists.xml#CI_OnLineFunctionCode" codeListValue="download">download</gmd:CI_OnLineFunctionCode>
              </gmd:function>
            </gmd:CI_OnlineResource>
          </gmd:onLine>
        </gmd:MD_DigitalTransferOptions>
      </gmd:transferOptions>
    </gmd:MD_Distribution>
  </gmd:distributionInfo>
  <gmd:dataQualityInfo>
    <gmd:DQ_DataQuality>
      <gmd:scope>
        <gmd:DQ_Scope>
          <gmd:level>
            <gmd:MD_ScopeCode codeList="http://www.isotc211.org/2005/resources/Codelist/gmxCodelists.xml#MD_ScopeCode" codeListValue="dataset">dataset</gmd:MD_ScopeCode>
          </gmd:level>
        </gmd:DQ_Scope>
      </gmd:scope>
      <gmd:report>
        <gmd:DQ_QuantitativeAttributeAccuracy>
          <gmd:nameOfMeasure>
            <gco:CharacterString>Accuracy</gco:CharacterString>
          </gmd:nameOfMeasure>
          <gmd:evaluationMethodDescription>
            <gco:CharacterString>During LiDAR data collection the airborne GPS receiver was collecting data at 2 Hz frequency and the Dilution of Precision (PDOP) was
monitored. One GPS base station was also running at the operation airport and was recording data at 1 Hz. The airborne GPS data was
post-processed in DGPS mode together with the base station data to provide high accuracy aircraft positions. The GPS trajectory then was
combined with the IMU data using loosely coupled approach to yield high accuracy aircraft positions and attitude angles. Then the LiDAR
data was processed using the aircraft trajectory and raw LiDAR data. After boresighting the LiDAR data, the ground control points were
measured against the LiDAR data by technicians using TerraScan and proprietary software and the LiDAR data was adjusted vertically to
the ground control. Independent ground control check points were used to ensure vertical accuracy of the data. The horizontal datum
for the control was the North American Datum of 1983 (NAD83, NSRS2007).The vertical datum was the North American Vertical Datum of
1988 (NAVD88). The vertical datum was realized through the use of the published/calculated ellipsoidal heights of the base station to
process the aircraft trajectory and then later applying the GEOID09 model to the processed LiDAR data to obtain orthometric heights.</gco:CharacterString>
          </gmd:evaluationMethodDescription>
          <gmd:result gco:nilReason="missing"/>
        </gmd:DQ_QuantitativeAttributeAccuracy>
      </gmd:report>
      <gmd:report>
        <gmd:DQ_AbsoluteExternalPositionalAccuracy>
          <gmd:nameOfMeasure>
            <gco:CharacterString>Horizontal Positional Accuracy</gco:CharacterString>
          </gmd:nameOfMeasure>
          <gmd:evaluationMethodDescription>
            <gco:CharacterString>The minimum expected horizontal accuracy was tested to meet or exceed the National Standard for Spatial Data Accuracy (NSSDA).
Horizontal accuracy is 50 cm RMSE or better.</gco:CharacterString>
          </gmd:evaluationMethodDescription>
          <gmd:result gco:nilReason="missing"/>
        </gmd:DQ_AbsoluteExternalPositionalAccuracy>
      </gmd:report>
      <gmd:report>
        <gmd:DQ_AbsoluteExternalPositionalAccuracy>
          <gmd:nameOfMeasure>
            <gco:CharacterString>Vertical Positional Accuracy</gco:CharacterString>
          </gmd:nameOfMeasure>
          <gmd:evaluationMethodDescription>
            <gco:CharacterString>The minimum expected vertical accuracy was tested to meet or exceed the National Standard for Spatial Data Accuracy (NSSDA).
When compared to GPS survey grade points in generally flat, non-vegetated areas, at least 95% of the positions had an error less
than or equal to 9.4 cm (equivalent to root mean square error (rmse) of 4.8 cm if errors were normally distributed).</gco:CharacterString>
          </gmd:evaluationMethodDescription>
          <gmd:result gco:nilReason="missing"/>
        </gmd:DQ_AbsoluteExternalPositionalAccuracy>
      </gmd:report>
      <gmd:report>
        <gmd:DQ_CompletenessCommission>
          <gmd:nameOfMeasure>
            <gco:CharacterString>Completeness Measure</gco:CharacterString>
          </gmd:nameOfMeasure>
          <gmd:evaluationMethodDescription>
            <gco:CharacterString>Cloud Cover: 0</gco:CharacterString>
          </gmd:evaluationMethodDescription>
          <gmd:result gco:nilReason="missing"/>
        </gmd:DQ_CompletenessCommission>
      </gmd:report>
      <gmd:report>
        <gmd:DQ_CompletenessCommission>
          <gmd:nameOfMeasure>
            <gco:CharacterString>Completeness Report</gco:CharacterString>
          </gmd:nameOfMeasure>
          <gmd:evaluationMethodDescription>
            <gco:CharacterString>The following methods are used to ensure LiDAR data accuracy:
1) Use of a ground control network utilizing GPS survey techniques;
2) Use of airborne GPS and IMU in conjunction with the acquisition of LiDAR; and
3) Measurement of quality control ground survey points within the finished product.
The following software is used for the validation: 1) Terrascan and 2) Fugro EarthData Proprietary Software.</gco:CharacterString>
          </gmd:evaluationMethodDescription>
          <gmd:result gco:nilReason="missing"/>
        </gmd:DQ_CompletenessCommission>
      </gmd:report>
      <gmd:report>
        <gmd:DQ_ConceptualConsistency>
          <gmd:nameOfMeasure>
            <gco:CharacterString>Conceptual Consistency</gco:CharacterString>
          </gmd:nameOfMeasure>
          <gmd:evaluationMethodDescription>
            <gco:CharacterString>Compliance with the accuracy standard was ensured by the collection of ground control and the establishment of a GPS base station at the
operation airport. The following checks were performed:
1) The LiDAR data accuracy was validated by performing a full boresight adjustment and then checking it against the ground control prior
to generating a digital terrain model (DTM) or other products.
2) LiDAR elevation data was validated through an inspection of edge matching and visual inspection for quality (artifact removal).</gco:CharacterString>
          </gmd:evaluationMethodDescription>
          <gmd:result gco:nilReason="missing"/>
        </gmd:DQ_ConceptualConsistency>
      </gmd:report>
      <gmd:lineage>
        <gmd:LI_Lineage>
          <gmd:statement gco:nilReason="missing"/>
          <gmd:processStep>
            <gmd:LI_ProcessStep>
              <gmd:description>
                <gco:CharacterString>The hydro-enforced bare earth DEM was generated using the bare earth points, as well as the 3D hydro breaklines. The following is
a step-by-step breakdown of the process:
1) After the deliverable LAS files were generated for the entire project area and QC'ed, and the 3D breaklines were collected and
QC'ed, they were used to produce the hydro-enforced bare earth DEM. The bare earth points that fell within 1*NPS along the hydro
breaklines were taken out of from Ground class so that these points were excluded from the DEM generation process. This process
was done in batch mode using Fugro EarthData's proprietary software.
2) Inland ponds and lakes, inland streams and rivers, and tidal water bodies were hydro-flattened within the DEM. Hydro-flattening
was applied to water impoundments, natural or man-made, larger than ~2 acres in area (inland ponds and lakes larger than 1 acre
were collected for the 500 meter corridor); to streams nominally wider than 100' (inland streams and rivers wider than 15 meters
were collected for the 500 meter corridor); and to tidal waters bodies, which includes any significant water body that is
affected by tidal variations.
3) The hydro-flattened bare earth DEM generated in initial grid format was then clipped to the approved DEM product boundary.
4) After the hydro-flattened bare earth DEM was clipped to the boundary, the technician checked the tiles to ensure that the grid
spacing met specifications and checked the surface to ensure proper hydro-flattening. The data was cut to the approved tile
layout. The entire data set was checked for complete project coverage and to ensure it was free of anomalies.
5) The hydro-flattened bare earth DEM was then converted to the delivery ESRI Grid format.</gco:CharacterString>
              </gmd:description>
              <gmd:dateTime>
                <gco:DateTime>2011-11-15T00:00:00</gco:DateTime>
              </gmd:dateTime>
            </gmd:LI_ProcessStep>
          </gmd:processStep>
          <gmd:source>
            <gmd:LI_Source>
              <gmd:description>
                <gco:CharacterString>Source Contribution: Fugro EarthData, Inc. collected ALS60-derived LiDAR over Coastal California with a 1 meter, nominal post spacing
using two Piper Navajo twin engine aircrafts. The collection for the entire project area was accomplished between October 2009 and
August 2011; 1,546 flight lines were acquired in 108 lifts. The lines were flown at an average of 6,244 feet above mean terrain
using a pulse rate of 121,300 pulses per second. The collection was performed using Leica ALS60 MPiA LiDAR systems, serial
numbers 113 and 142.
 | Type of Source Media: External hard drive</gco:CharacterString>
              </gmd:description>
              <gmd:sourceCitation>
                <gmd:CI_Citation>
                  <gmd:title>
                    <gco:CharacterString>Aerial Acquisition of Coastal California LiDAR</gco:CharacterString>
                  </gmd:title>
                  <gmd:date>
                    <gmd:CI_Date>
                      <gmd:date>
                        <gco:Date>2011-08-04</gco:Date>
                      </gmd:date>
                      <gmd:dateType>
                        <gmd:CI_DateTypeCode codeList="http://www.isotc211.org/2005/resources/Codelist/gmxCodelists.xml#CI_DateTypeCode" codeListValue="publication">publication</gmd:CI_DateTypeCode>
                      </gmd:dateType>
                    </gmd:CI_Date>
                  </gmd:date>
                  <gmd:citedResponsibleParty>
                    <gmd:CI_ResponsibleParty>
                      <gmd:organisationName>
                        <gco:CharacterString>Fugro EarthData, Inc.</gco:CharacterString>
                      </gmd:organisationName>
                      <gmd:role gco:nilReason="inapplicable"/>
                    </gmd:CI_ResponsibleParty>
                  </gmd:citedResponsibleParty>
                </gmd:CI_Citation>
              </gmd:sourceCitation>
              <gmd:sourceExtent>
                <gmd:EX_Extent>
                  <gmd:temporalElement>
                    <gmd:EX_TemporalExtent>
                      <gmd:extent>
                        <gml:TimePeriod gml:id="sourceExtent-661288">
                          <gml:beginPosition>2009-10-15</gml:beginPosition>
                          <gml:endPosition>2011-08-02</gml:endPosition>
                        </gml:TimePeriod>
                      </gmd:extent>
                    </gmd:EX_TemporalExtent>
                  </gmd:temporalElement>
                </gmd:EX_Extent>
              </gmd:sourceExtent>
            </gmd:LI_Source>
          </gmd:source>
          <gmd:source>
            <gmd:LI_Source>
              <gmd:description>
                <gco:CharacterString>Source Contribution: Fugro EarthData, Inc. utilized commercial software as well as proprietary software for automatic filtering of
LiDAR data to identify and re-classify elevation points falling on vegetation, building, and other above ground structures into
separate data layers. The parameters used in the process were customized for each terrain type to obtain optimum results. Once
the automated filtering was completed, the files were run through a visual inspection to ensure that the filtering was not too
aggressive or not aggressive enough. In cases where the filtering was too aggressive and important terrain features were filtered
out, the data was either run through a different filter or was corrected during the manual filtering process. Interactive editing
was then completed in 3D visualization software which also provides manual and automatic point classification tools using
commercial and proprietary software for the process. Vegetation and artifacts remaining after automatic data post-processing were
reclassified manually through interactive editing. The hard edges of ground features that were automatically filtered out during
the automatic filtering process were brought back into ground class during manual editing. The technician then reviewed the LiDAR
points with color shaded TINs for anomalies in ground class during interactive filtering. Upon the completion of bare earth
filtering and peer review process, the classified LiDAR point cloud work tiles went through a water classification routine based
on the collected water polygons. Upon the completion of finalization of the classified LiDAR point cloud work tiles, the topographic
LiDAR classified point cloud data that was produced under the JALBTCX and NOAA OCM programs was merged. The final classified
LiDAR point data were packaged to NAD83 (NSRS2007), UTM zones 10 and 11 north, meters; NAVD88, meters, using GEOID09 and cut to
the approved tile layout and project boundary in LAS format.
 | Type of Source Media: Internal net</gco:CharacterString>
              </gmd:description>
              <gmd:sourceCitation>
                <gmd:CI_Citation>
                  <gmd:title>
                    <gco:CharacterString>Coastal California LiDAR; Classified LiDAR Point Cloud Data</gco:CharacterString>
                  </gmd:title>
                  <gmd:date>
                    <gmd:CI_Date>
                      <gmd:date>
                        <gco:Date>2011-10-20</gco:Date>
                      </gmd:date>
                      <gmd:dateType>
                        <gmd:CI_DateTypeCode codeList="http://www.isotc211.org/2005/resources/Codelist/gmxCodelists.xml#CI_DateTypeCode" codeListValue="publication">publication</gmd:CI_DateTypeCode>
                      </gmd:dateType>
                    </gmd:CI_Date>
                  </gmd:date>
                  <gmd:citedResponsibleParty>
                    <gmd:CI_ResponsibleParty>
                      <gmd:organisationName>
                        <gco:CharacterString>Fugro EarthData, Inc.</gco:CharacterString>
                      </gmd:organisationName>
                      <gmd:role gco:nilReason="inapplicable"/>
                    </gmd:CI_ResponsibleParty>
                  </gmd:citedResponsibleParty>
                </gmd:CI_Citation>
              </gmd:sourceCitation>
              <gmd:sourceExtent>
                <gmd:EX_Extent>
                  <gmd:temporalElement>
                    <gmd:EX_TemporalExtent>
                      <gmd:extent>
                        <gml:TimeInstant gml:id="sourceExtent-661290">
                          <gml:timePosition>2011-10-20</gml:timePosition>
                        </gml:TimeInstant>
                      </gmd:extent>
                    </gmd:EX_TemporalExtent>
                  </gmd:temporalElement>
                </gmd:EX_Extent>
              </gmd:sourceExtent>
            </gmd:LI_Source>
          </gmd:source>
          <gmd:source>
            <gmd:LI_Source>
              <gmd:description>
                <gco:CharacterString>Source Contribution: TerraSurv under contract to Fugro EarthData, Inc. successfully established ground control for Coastal California
LiDAR. A total of 307 ground control points were acquired. GPS was used to establish the control network. The horizontal datum was
the North American Datum of 1983 (NAD83, NSRS2007). The vertical datum was the North American Vertical Datum of 1988 (NAVD88).
 | Type of Source Media: electronic mail system</gco:CharacterString>
              </gmd:description>
              <gmd:sourceCitation>
                <gmd:CI_Citation>
                  <gmd:title>
                    <gco:CharacterString>Report of Survey  California Coast Ground Control for LiDAR</gco:CharacterString>
                  </gmd:title>
                  <gmd:date>
                    <gmd:CI_Date>
                      <gmd:date>
                        <gco:Date>2010-11-17</gco:Date>
                      </gmd:date>
                      <gmd:dateType>
                        <gmd:CI_DateTypeCode codeList="http://www.isotc211.org/2005/resources/Codelist/gmxCodelists.xml#CI_DateTypeCode" codeListValue="publication">publication</gmd:CI_DateTypeCode>
                      </gmd:dateType>
                    </gmd:CI_Date>
                  </gmd:date>
                  <gmd:citedResponsibleParty>
                    <gmd:CI_ResponsibleParty>
                      <gmd:organisationName>
                        <gco:CharacterString>TerraSurv</gco:CharacterString>
                      </gmd:organisationName>
                      <gmd:role gco:nilReason="inapplicable"/>
                    </gmd:CI_ResponsibleParty>
                  </gmd:citedResponsibleParty>
                </gmd:CI_Citation>
              </gmd:sourceCitation>
              <gmd:sourceExtent>
                <gmd:EX_Extent>
                  <gmd:temporalElement>
                    <gmd:EX_TemporalExtent>
                      <gmd:extent>
                        <gml:TimePeriod gml:id="sourceExtent-661289">
                          <gml:beginPosition>2009-09-25</gml:beginPosition>
                          <gml:endPosition>2010-10-21</gml:endPosition>
                        </gml:TimePeriod>
                      </gmd:extent>
                    </gmd:EX_TemporalExtent>
                  </gmd:temporalElement>
                </gmd:EX_Extent>
              </gmd:sourceExtent>
            </gmd:LI_Source>
          </gmd:source>
          <gmd:processStep>
            <gmd:LI_ProcessStep>
              <gmd:description>
                <gco:CharacterString>
							
The dataset has been mosaiced, reprojected, and clipped as needed from the original input files using the gdalwarp command (version GDAL 3.3.1, released 2021/06/28). Gdalwarp options included -t_srs EPSG:3494 -of GTiff -co COMPRESS=DEFLATE -co TILED=YES  -co GEOTIFF_VERSION=1.0 -co BIGTIFF=IF_SAFER -co TFW=YES -mo TIFFTAG_SOFTWARE='Digital Coast Data Access Viewer' -r BILINEAR. 

						</gco:CharacterString>
              </gmd:description>
              <gmd:dateTime>
                <gco:DateTime>2022-06-30T13:40:59
</gco:DateTime>
              </gmd:dateTime>
              <gmd:processor>
                <gmd:CI_ResponsibleParty>
                  <gmd:individualName>
                    <gco:CharacterString>NOAA Office for Coastal Management</gco:CharacterString>
                  </gmd:individualName>
                  <gmd:contactInfo>
                    <gmd:CI_Contact>
                      <gmd:address>
                        <gmd:CI_Address>
                          <gmd:electronicMailAddress>
                            <gco:CharacterString>coastal.info@noaa.gov</gco:CharacterString>
                          </gmd:electronicMailAddress>
                        </gmd:CI_Address>
                      </gmd:address>
                    </gmd:CI_Contact>
                  </gmd:contactInfo>
                  <gmd:role>
                    <gmd:CI_RoleCode codeList="http://www.isotc211.org/2005/resources/Codelist/gmxCodelists.xml#gmd:CI_RoleCode" codeListValue="processor">processor</gmd:CI_RoleCode>
                  </gmd:role>
                </gmd:CI_ResponsibleParty>
              </gmd:processor>
            </gmd:LI_ProcessStep>
          </gmd:processStep>
        </gmd:LI_Lineage>
      </gmd:lineage>
    </gmd:DQ_DataQuality>
  </gmd:dataQualityInfo>
</gmi:MI_Metadata>
